"nta_id","nta_name","state_fips","county_fips","county_name","borough_name","borough_id","puma_id","puma_name","neighborhood","complaint_n","ebird_checklists","ebird_pigeon_total","local_moran_i","local_moran_p","local_moran_sig"
"MN01","Marble Hill-Inwood","36","061","New York","Manhattan","1","3801","Manhattan Community District 12--Washington Heights, Inwood & Marble Hill","Manhattan Community District 12--Washington Heights, Inwood & Marble Hill",165,4110,49971,0.141784826080471,0.184311565563745,"Not significant"
"MN03","Central Harlem North-Polo Grounds","36","061","New York","Manhattan","1","3803","Manhattan Community District 10--Central Harlem","Manhattan Community District 10--Central Harlem",63,157,1636,-0.119365216448318,0.66645018183627,"Not significant"
"MN04","Hamilton Heights","36","061","New York","Manhattan","1","3802","Manhattan Community District 9--Hamilton Heights, Manhattanville & West Harlem","Manhattan Community District 9--Hamilton Heights, Manhattanville & West Harlem",82,2860,32556,-0.361020410362483,0.15389103889089,"Not significant"
"MN06","Manhattanville","36","061","New York","Manhattan","1","3802","Manhattan Community District 9--Hamilton Heights, Manhattanville & West Harlem","Manhattan Community District 9--Hamilton Heights, Manhattanville & West Harlem",82,2860,32556,0.299536139759421,0.232984150567897,"Not significant"
"MN09","Morningside Heights","36","061","New York","Manhattan","1","3802","Manhattan Community District 9--Hamilton Heights, Manhattanville & West Harlem","Manhattan Community District 9--Hamilton Heights, Manhattanville & West Harlem",82,2860,32556,-0.446738116532149,0.0477752773950555,"Significant"
"MN11","Central Harlem South","36","061","New York","Manhattan","1","3803","Manhattan Community District 10--Central Harlem","Manhattan Community District 10--Central Harlem",63,157,1636,-0.114483049905944,0.679574367742942,"Not significant"
"MN12","Upper West Side","36","061","New York","Manhattan","1","3806","Manhattan Community District 7--Upper West Side & West Side","Manhattan Community District 7--Upper West Side & West Side",421,2509,39357,4.68182888350724,0.000670076244718587,"Significant"
"MN13","Hudson Yards-Chelsea-Flatiron-Union Square","36","061","New York","Manhattan","1","3807","Manhattan Community District 4 & 5--Chelsea, Clinton & Midtown Business District","Manhattan Community District 4 & 5--Chelsea, Clinton & Midtown Business District",169,9193,213680,0.0679074621571394,0.499112766873874,"Not significant"
"MN14","Lincoln Square","36","061","New York","Manhattan","1","3806","Manhattan Community District 7--Upper West Side & West Side","Manhattan Community District 7--Upper West Side & West Side",421,2509,39357,4.12685190581686,0.000512156232043572,"Significant"
"MN15","Clinton","36","061","New York","Manhattan","1","3807","Manhattan Community District 4 & 5--Chelsea, Clinton & Midtown Business District","Manhattan Community District 4 & 5--Chelsea, Clinton & Midtown Business District",169,9193,213680,0.245250218271237,0.0878989736424144,"Not significant"
"MN17","Midtown-Midtown South","36","061","New York","Manhattan","1","3807","Manhattan Community District 4 & 5--Chelsea, Clinton & Midtown Business District","Manhattan Community District 4 & 5--Chelsea, Clinton & Midtown Business District",169,9193,213680,0.289585907299761,0.000856348603084242,"Significant"
"MN19","Turtle Bay-East Midtown","36","061","New York","Manhattan","1","3808","Manhattan Community District 6--Murray Hill, Gramercy & Stuyvesant Town","Manhattan Community District 6--Murray Hill, Gramercy & Stuyvesant Town",125,4686,116901,-0.197871698313779,0.00281848182150468,"Significant"
"MN20","Murray Hill-Kips Bay","36","061","New York","Manhattan","1","3808","Manhattan Community District 6--Murray Hill, Gramercy & Stuyvesant Town","Manhattan Community District 6--Murray Hill, Gramercy & Stuyvesant Town",125,4686,116901,-0.00267490579912281,0.965114053622237,"Not significant"
"MN21","Gramercy","36","061","New York","Manhattan","1","3808","Manhattan Community District 6--Murray Hill, Gramercy & Stuyvesant Town","Manhattan Community District 6--Murray Hill, Gramercy & Stuyvesant Town",125,4686,116901,-0.0361736427568042,0.50227139785857,"Not significant"
"MN22","East Village","36","061","New York","Manhattan","1","3809","Manhattan Community District 3--Chinatown & Lower East Side","Manhattan Community District 3--Chinatown & Lower East Side",341,4308,125319,0.693188554296872,0.272930790694927,"Not significant"
"MN23","West Village","36","061","New York","Manhattan","1","3810","Manhattan Community District 1 & 2--Battery Park City, Greenwich Village & Soho","Manhattan Community District 1 & 2--Battery Park City, Greenwich Village & Soho",100,7713,150511,-0.228773713506358,0.142584371760794,"Not significant"
"MN24","SoHo-TriBeCa-Civic Center-Little Italy","36","061","New York","Manhattan","1","3810","Manhattan Community District 1 & 2--Battery Park City, Greenwich Village & Soho","Manhattan Community District 1 & 2--Battery Park City, Greenwich Village & Soho",100,7713,150511,-0.244960311227233,0.161277915874978,"Not significant"
"MN25","Battery Park City-Lower Manhattan","36","061","New York","Manhattan","1","3810","Manhattan Community District 1 & 2--Battery Park City, Greenwich Village & Soho","Manhattan Community District 1 & 2--Battery Park City, Greenwich Village & Soho",100,7713,150511,-0.425150738686031,0.0149384991747046,"Significant"
"MN27","Chinatown","36","061","New York","Manhattan","1","3809","Manhattan Community District 3--Chinatown & Lower East Side","Manhattan Community District 3--Chinatown & Lower East Side",341,4308,125319,0.853579519710826,0.258400531650962,"Not significant"
"MN28","Lower East Side","36","061","New York","Manhattan","1","3809","Manhattan Community District 3--Chinatown & Lower East Side","Manhattan Community District 3--Chinatown & Lower East Side",341,4308,125319,1.95806039536627,0.0480135042650058,"Significant"
"MN31","Lenox Hill-Roosevelt Island","36","061","New York","Manhattan","1","3805","Manhattan Community District 8--Upper East Side","Manhattan Community District 8--Upper East Side",475,5816,198110,5.53173633702909,0.000678964033764189,"Significant"
"MN32","Yorkville","36","061","New York","Manhattan","1","3805","Manhattan Community District 8--Upper East Side","Manhattan Community District 8--Upper East Side",475,5816,198110,5.12581373080277,0.00162963227748103,"Significant"
"MN33","East Harlem South","36","061","New York","Manhattan","1","3804","Manhattan Community District 11--East Harlem","Manhattan Community District 11--East Harlem",77,741,10821,-0.927379793961329,0.000150850796454816,"Significant"
"MN34","East Harlem North","36","061","New York","Manhattan","1","3804","Manhattan Community District 11--East Harlem","Manhattan Community District 11--East Harlem",77,741,10821,0.348416305666013,0.269656490699964,"Not significant"
"MN35","Washington Heights North","36","061","New York","Manhattan","1","3801","Manhattan Community District 12--Washington Heights, Inwood & Marble Hill","Manhattan Community District 12--Washington Heights, Inwood & Marble Hill",165,4110,49971,0.30409354116277,0.0140015469410133,"Significant"
"MN36","Washington Heights South","36","061","New York","Manhattan","1","3801","Manhattan Community District 12--Washington Heights, Inwood & Marble Hill","Manhattan Community District 12--Washington Heights, Inwood & Marble Hill",165,4110,49971,0.25227960519419,0.041462999984943,"Significant"
"MN40","Upper East Side-Carnegie Hill","36","061","New York","Manhattan","1","3805","Manhattan Community District 8--Upper East Side","Manhattan Community District 8--Upper East Side",475,5816,198110,4.47041785616652,8.79631285916868e-05,"Significant"
"MN50","Stuyvesant Town-Cooper Village","36","061","New York","Manhattan","1","3808","Manhattan Community District 6--Murray Hill, Gramercy & Stuyvesant Town","Manhattan Community District 6--Murray Hill, Gramercy & Stuyvesant Town",125,4686,116901,-0.107459882303427,0.104915709980189,"Not significant"
"MN99","park-cemetery-etc-Manhattan","36","061","New York","Manhattan","1",NA,NA,NA,578,73985,1139020,1.22892320444123,0.153633372928716,"Not significant"
"BX01","Claremont-Bathgate","36","005","Bronx","Bronx","2","3705","Bronx Community District 3 & 6--Belmont, Crotona Park East & East Tremont","Bronx Community District 3 & 6--Belmont, Crotona Park East & East Tremont",55,0,0,0.119183038200466,0.659079599413047,"Not significant"
"BX03","Eastchester-Edenwald-Baychester","36","005","Bronx","Bronx","2","3702","Bronx Community District 12--Wakefield, Williamsbridge & Woodlawn","Bronx Community District 12--Wakefield, Williamsbridge & Woodlawn",44,0,0,-0.155519758715244,0.68246367438302,"Not significant"
"BX05","Bedford Park-Fordham North","36","005","Bronx","Bronx","2","3706","Bronx Community District 7--Bedford Park, Fordham North & Norwood","Bronx Community District 7--Bedford Park, Fordham North & Norwood",56,0,0,0.560282431779646,0.0833382744435872,"Not significant"
"BX06","Belmont","36","005","Bronx","Bronx","2","3705","Bronx Community District 3 & 6--Belmont, Crotona Park East & East Tremont","Bronx Community District 3 & 6--Belmont, Crotona Park East & East Tremont",55,0,0,0.0115872398250453,0.96157940648772,"Not significant"
"BX07","Bronxdale","36","005","Bronx","Bronx","2","3704","Bronx Community District 11--Pelham Parkway, Morris Park & Laconia","Bronx Community District 11--Pelham Parkway, Morris Park & Laconia",65,0,0,-0.272267986786001,0.406983311873749,"Not significant"
"BX08","West Farms-Bronx River","36","005","Bronx","Bronx","2","3709","Bronx Community District 9--Castle Hill, Clason Point & Parkchester","Bronx Community District 9--Castle Hill, Clason Point & Parkchester",124,0,0,0.0596373208071755,0.397086597409704,"Not significant"
"BX09","Soundview-Castle Hill-Clason Point-Harding Park","36","005","Bronx","Bronx","2","3709","Bronx Community District 9--Castle Hill, Clason Point & Parkchester","Bronx Community District 9--Castle Hill, Clason Point & Parkchester",124,0,0,-0.0340110684288984,0.553994519329435,"Not significant"
"BX10","Pelham Bay-Country Club-City Island","36","005","Bronx","Bronx","2","3703","Bronx Community District 10--Co-op City, Pelham Bay & Schuylerville","Bronx Community District 10--Co-op City, Pelham Bay & Schuylerville",77,0,0,-0.478340504947344,0.132641528088633,"Not significant"
"BX13","Co-op City","36","005","Bronx","Bronx","2","3703","Bronx Community District 10--Co-op City, Pelham Bay & Schuylerville","Bronx Community District 10--Co-op City, Pelham Bay & Schuylerville",77,0,0,-0.425568793631598,0.18111737747293,"Not significant"
"BX14","East Concourse-Concourse Village","36","005","Bronx","Bronx","2","3708","Bronx Community District 4--Concourse, Highbridge & Mount Eden","Bronx Community District 4--Concourse, Highbridge & Mount Eden",48,0,0,0.116972069785416,0.687643187955928,"Not significant"
"BX17","East Tremont","36","005","Bronx","Bronx","2","3705","Bronx Community District 3 & 6--Belmont, Crotona Park East & East Tremont","Bronx Community District 3 & 6--Belmont, Crotona Park East & East Tremont",55,0,0,-0.137753881181868,0.68176369471396,"Not significant"
"BX22","North Riverdale-Fieldston-Riverdale","36","005","Bronx","Bronx","2","3701","Bronx Community District 8--Riverdale, Fieldston & Kingsbridge","Bronx Community District 8--Riverdale, Fieldston & Kingsbridge",65,5,27,-1.03415300946756,0.0258233720443441,"Significant"
"BX26","Highbridge","36","005","Bronx","Bronx","2","3708","Bronx Community District 4--Concourse, Highbridge & Mount Eden","Bronx Community District 4--Concourse, Highbridge & Mount Eden",48,0,0,0.705099580230555,0.211676406067354,"Not significant"
"BX27","Hunts Point","36","005","Bronx","Bronx","2","3710","Bronx Community District 1 & 2--Hunts Point, Longwood & Melrose","Bronx Community District 1 & 2--Hunts Point, Longwood & Melrose",49,0,0,-0.0513583912498863,0.870898480184726,"Not significant"
"BX28","Van Cortlandt Village","36","005","Bronx","Bronx","2","3701","Bronx Community District 8--Riverdale, Fieldston & Kingsbridge","Bronx Community District 8--Riverdale, Fieldston & Kingsbridge",65,5,27,-0.125027285773385,0.672494064485957,"Not significant"
"BX29","Spuyten Duyvil-Kingsbridge","36","005","Bronx","Bronx","2","3701","Bronx Community District 8--Riverdale, Fieldston & Kingsbridge","Bronx Community District 8--Riverdale, Fieldston & Kingsbridge",65,5,27,-0.259712578172522,0.375443835620908,"Not significant"
"BX30","Kingsbridge Heights","36","005","Bronx","Bronx","2","3706","Bronx Community District 7--Bedford Park, Fordham North & Norwood","Bronx Community District 7--Bedford Park, Fordham North & Norwood",56,0,0,0.456564651791432,0.120757081260188,"Not significant"
"BX31","Allerton-Pelham Gardens","36","005","Bronx","Bronx","2","3704","Bronx Community District 11--Pelham Parkway, Morris Park & Laconia","Bronx Community District 11--Pelham Parkway, Morris Park & Laconia",65,0,0,0.0359102246357545,0.875953893453595,"Not significant"
"BX33","Longwood","36","005","Bronx","Bronx","2","3710","Bronx Community District 1 & 2--Hunts Point, Longwood & Melrose","Bronx Community District 1 & 2--Hunts Point, Longwood & Melrose",49,0,0,0.621342242733116,0.113520561840895,"Not significant"
"BX34","Melrose South-Mott Haven North","36","005","Bronx","Bronx","2","3710","Bronx Community District 1 & 2--Hunts Point, Longwood & Melrose","Bronx Community District 1 & 2--Hunts Point, Longwood & Melrose",49,0,0,0.623072185583182,0.112524290625117,"Not significant"
"BX35","Morrisania-Melrose","36","005","Bronx","Bronx","2","3705","Bronx Community District 3 & 6--Belmont, Crotona Park East & East Tremont","Bronx Community District 3 & 6--Belmont, Crotona Park East & East Tremont",55,0,0,0.0914759656574389,0.733096803880484,"Not significant"
"BX36","University Heights-Morris Heights","36","005","Bronx","Bronx","2","3707","Bronx Community District 5--Morris Heights, Fordham South & Mount Hope","Bronx Community District 5--Morris Heights, Fordham South & Mount Hope",31,0,0,0.807639420928164,0.0537852639255829,"Not significant"
"BX37","Van Nest-Morris Park-Westchester Square","36","005","Bronx","Bronx","2","3704","Bronx Community District 11--Pelham Parkway, Morris Park & Laconia","Bronx Community District 11--Pelham Parkway, Morris Park & Laconia",65,0,0,0.0336274230696674,0.859643269333545,"Not significant"
"BX39","Mott Haven-Port Morris","36","005","Bronx","Bronx","2","3710","Bronx Community District 1 & 2--Hunts Point, Longwood & Melrose","Bronx Community District 1 & 2--Hunts Point, Longwood & Melrose",49,0,0,0.634489808393621,0.0700821494977146,"Not significant"
"BX40","Fordham South","36","005","Bronx","Bronx","2","3707","Bronx Community District 5--Morris Heights, Fordham South & Mount Hope","Bronx Community District 5--Morris Heights, Fordham South & Mount Hope",31,0,0,0.770084676406545,0.0433508450852656,"Significant"
"BX41","Mount Hope","36","005","Bronx","Bronx","2","3707","Bronx Community District 5--Morris Heights, Fordham South & Mount Hope","Bronx Community District 5--Morris Heights, Fordham South & Mount Hope",31,0,0,0.0700752840366633,0.845467481276801,"Not significant"
"BX43","Norwood","36","005","Bronx","Bronx","2","3706","Bronx Community District 7--Bedford Park, Fordham North & Norwood","Bronx Community District 7--Bedford Park, Fordham North & Norwood",56,0,0,-0.3080078947336,0.402368649098932,"Not significant"
"BX44","Williamsbridge-Olinville","36","005","Bronx","Bronx","2","3702","Bronx Community District 12--Wakefield, Williamsbridge & Woodlawn","Bronx Community District 12--Wakefield, Williamsbridge & Woodlawn",44,0,0,-0.13800273174082,0.717408068202921,"Not significant"
"BX46","Parkchester","36","005","Bronx","Bronx","2","3709","Bronx Community District 9--Castle Hill, Clason Point & Parkchester","Bronx Community District 9--Castle Hill, Clason Point & Parkchester",124,0,0,0.0383348850139148,0.585841933450598,"Not significant"
"BX49","Pelham Parkway","36","005","Bronx","Bronx","2","3704","Bronx Community District 11--Pelham Parkway, Morris Park & Laconia","Bronx Community District 11--Pelham Parkway, Morris Park & Laconia",65,0,0,-0.302229757340894,0.356939012696421,"Not significant"
"BX52","Schuylerville-Throgs Neck-Edgewater Park","36","005","Bronx","Bronx","2","3703","Bronx Community District 10--Co-op City, Pelham Bay & Schuylerville","Bronx Community District 10--Co-op City, Pelham Bay & Schuylerville",77,0,0,-0.255739831760924,0.298144453911278,"Not significant"
"BX55","Soundview-Bruckner","36","005","Bronx","Bronx","2","3709","Bronx Community District 9--Castle Hill, Clason Point & Parkchester","Bronx Community District 9--Castle Hill, Clason Point & Parkchester",124,0,0,-0.0345697244400398,0.51474486894074,"Not significant"
"BX59","Westchester-Unionport","36","005","Bronx","Bronx","2","3709","Bronx Community District 9--Castle Hill, Clason Point & Parkchester","Bronx Community District 9--Castle Hill, Clason Point & Parkchester",124,0,0,0.0463001436148731,0.460901466196757,"Not significant"
"BX62","Woodlawn-Wakefield","36","005","Bronx","Bronx","2","3702","Bronx Community District 12--Wakefield, Williamsbridge & Woodlawn","Bronx Community District 12--Wakefield, Williamsbridge & Woodlawn",44,0,0,-0.596364937571598,0.218660405162673,"Not significant"
"BX63","West Concourse","36","005","Bronx","Bronx","2","3708","Bronx Community District 4--Concourse, Highbridge & Mount Eden","Bronx Community District 4--Concourse, Highbridge & Mount Eden",48,0,0,0.691807998431201,0.0508124244149313,"Not significant"
"BX75","Crotona Park East","36","005","Bronx","Bronx","2","3705","Bronx Community District 3 & 6--Belmont, Crotona Park East & East Tremont","Bronx Community District 3 & 6--Belmont, Crotona Park East & East Tremont",55,0,0,-0.041748874820281,0.880146792850688,"Not significant"
"BX98","Rikers Island","36","005","Bronx","Bronx","2",NA,NA,NA,578,73985,1139020,0,NA,NA
"BX99","park-cemetery-etc-Bronx","36","005","Bronx","Bronx","2",NA,NA,NA,578,73985,1139020,-2.54638315434986,0.000446963963926472,"Significant"
"BK09","Brooklyn Heights-Cobble Hill","36","047","Kings","Brooklyn","3","4004","Brooklyn Community District 2--Brooklyn Heights & Fort Greene","Brooklyn Community District 2--Brooklyn Heights & Fort Greene",99,0,0,-0.257299637326309,0.15107666861604,"Not significant"
"BK17","Sheepshead Bay-Gerritsen Beach-Manhattan Beach","36","047","Kings","Brooklyn","3","4016","Brooklyn Community District 15--Sheepshead Bay, Gerritsen Beach & Homecrest","Brooklyn Community District 15--Sheepshead Bay, Gerritsen Beach & Homecrest",110,0,0,-0.187608653471557,0.153361851897207,"Not significant"
"BK19","Brighton Beach","36","047","Kings","Brooklyn","3","4018","Brooklyn Community District 13--Brighton Beach & Coney Island","Brooklyn Community District 13--Brighton Beach & Coney Island",90,0,0,0.161220591150952,0.403513458490375,"Not significant"
"BK21","Seagate-Coney Island","36","047","Kings","Brooklyn","3","4018","Brooklyn Community District 13--Brighton Beach & Coney Island","Brooklyn Community District 13--Brighton Beach & Coney Island",90,0,0,0.19171702890959,0.444457555989677,"Not significant"
"BK23","West Brighton","36","047","Kings","Brooklyn","3","4018","Brooklyn Community District 13--Brighton Beach & Coney Island","Brooklyn Community District 13--Brighton Beach & Coney Island",90,0,0,0.19171702890959,0.444457555989677,"Not significant"
"BK25","Homecrest","36","047","Kings","Brooklyn","3","4016","Brooklyn Community District 15--Sheepshead Bay, Gerritsen Beach & Homecrest","Brooklyn Community District 15--Sheepshead Bay, Gerritsen Beach & Homecrest",110,0,0,0.0895628582675632,0.360579777800593,"Not significant"
"BK26","Gravesend","36","047","Kings","Brooklyn","3","4018","Brooklyn Community District 13--Brighton Beach & Coney Island","Brooklyn Community District 13--Brighton Beach & Coney Island",90,0,0,0.148259605103531,0.442122047902955,"Not significant"
"BK27","Bath Beach","36","047","Kings","Brooklyn","3","4017","Brooklyn Community District 11--Bensonhurst & Bath Beach","Brooklyn Community District 11--Bensonhurst & Bath Beach",127,0,0,-0.0906350656935456,0.115603231350695,"Not significant"
"BK28","Bensonhurst West","36","047","Kings","Brooklyn","3","4017","Brooklyn Community District 11--Bensonhurst & Bath Beach","Brooklyn Community District 11--Bensonhurst & Bath Beach",127,0,0,0.0209488719115528,0.714987294996187,"Not significant"
"BK29","Bensonhurst East","36","047","Kings","Brooklyn","3","4017","Brooklyn Community District 11--Bensonhurst & Bath Beach","Brooklyn Community District 11--Bensonhurst & Bath Beach",127,0,0,0.0287068522236003,0.575177853426569,"Not significant"
"BK30","Dyker Heights","36","047","Kings","Brooklyn","3","4013","Brooklyn Community District 10--Bay Ridge & Dyker Heights","Brooklyn Community District 10--Bay Ridge & Dyker Heights",108,0,0,-0.131051902609126,0.249911871239305,"Not significant"
"BK31","Bay Ridge","36","047","Kings","Brooklyn","3","4013","Brooklyn Community District 10--Bay Ridge & Dyker Heights","Brooklyn Community District 10--Bay Ridge & Dyker Heights",108,0,0,-0.159363531969298,0.202471406398115,"Not significant"
"BK32","Sunset Park West","36","047","Kings","Brooklyn","3","4012","Brooklyn Community District 7--Sunset Park & Windsor Terrace","Brooklyn Community District 7--Sunset Park & Windsor Terrace",107,0,0,-0.119548686401184,0.308899337170723,"Not significant"
"BK33","Carroll Gardens-Columbia Street-Red Hook","36","047","Kings","Brooklyn","3","4005","Brooklyn Community District 6--Park Slope, Carroll Gardens & Red Hook","Brooklyn Community District 6--Park Slope, Carroll Gardens & Red Hook",113,0,0,-0.121862429086441,0.248787700106675,"Not significant"
"BK34","Sunset Park East","36","047","Kings","Brooklyn","3","4012","Brooklyn Community District 7--Sunset Park & Windsor Terrace","Brooklyn Community District 7--Sunset Park & Windsor Terrace",107,0,0,-0.159251584201448,0.216754412111383,"Not significant"
"BK35","Stuyvesant Heights","36","047","Kings","Brooklyn","3","4003","Brooklyn Community District 3--Bedford-Stuyvesant","Brooklyn Community District 3--Bedford-Stuyvesant",35,0,0,0.594917905030044,0.18778318988752,"Not significant"
"BK37","Park Slope-Gowanus","36","047","Kings","Brooklyn","3","4005","Brooklyn Community District 6--Park Slope, Carroll Gardens & Red Hook","Brooklyn Community District 6--Park Slope, Carroll Gardens & Red Hook",113,0,0,-0.0573189435321705,0.519877094657952,"Not significant"
"BK38","DUMBO-Vinegar Hill-Downtown Brooklyn-Boerum Hill","36","047","Kings","Brooklyn","3","4004","Brooklyn Community District 2--Brooklyn Heights & Fort Greene","Brooklyn Community District 2--Brooklyn Heights & Fort Greene",99,0,0,-0.188129443816579,0.239733464726064,"Not significant"
"BK40","Windsor Terrace","36","047","Kings","Brooklyn","3","4012","Brooklyn Community District 7--Sunset Park & Windsor Terrace","Brooklyn Community District 7--Sunset Park & Windsor Terrace",107,0,0,-0.1405777636259,0.2757265266217,"Not significant"
"BK41","Kensington-Ocean Parkway","36","047","Kings","Brooklyn","3","4014","Brooklyn Community District 12--Borough Park, Kensington & Ocean Parkway","Brooklyn Community District 12--Borough Park, Kensington & Ocean Parkway",116,0,0,-0.140782126608357,0.181451604766153,"Not significant"
"BK42","Flatbush","36","047","Kings","Brooklyn","3","4015","Brooklyn Community District 14--Flatbush & Midwood","Brooklyn Community District 14--Flatbush & Midwood",66,0,0,0.0410644864472098,0.828914042202808,"Not significant"
"BK43","Midwood","36","047","Kings","Brooklyn","3","4015","Brooklyn Community District 14--Flatbush & Midwood","Brooklyn Community District 14--Flatbush & Midwood",66,0,0,0.193107047027069,0.495785702349992,"Not significant"
"BK44","Madison","36","047","Kings","Brooklyn","3","4016","Brooklyn Community District 15--Sheepshead Bay, Gerritsen Beach & Homecrest","Brooklyn Community District 15--Sheepshead Bay, Gerritsen Beach & Homecrest",110,0,0,-0.106479950627207,0.319117126620072,"Not significant"
"BK45","Georgetown-Marine Park-Bergen Beach-Mill Basin","36","047","Kings","Brooklyn","3","4009","Brooklyn Community District 18--Canarsie & Flatlands","Brooklyn Community District 18--Canarsie & Flatlands",128,0,0,-0.0891739140985787,0.0940845580438676,"Not significant"
"BK46","Ocean Parkway South","36","047","Kings","Brooklyn","3","4014","Brooklyn Community District 12--Borough Park, Kensington & Ocean Parkway","Brooklyn Community District 12--Borough Park, Kensington & Ocean Parkway",116,0,0,0.0797144532976339,0.394191614545881,"Not significant"
"BK50","Canarsie","36","047","Kings","Brooklyn","3","4009","Brooklyn Community District 18--Canarsie & Flatlands","Brooklyn Community District 18--Canarsie & Flatlands",128,0,0,0.0505858773274208,0.286151180458693,"Not significant"
"BK58","Flatlands","36","047","Kings","Brooklyn","3","4009","Brooklyn Community District 18--Canarsie & Flatlands","Brooklyn Community District 18--Canarsie & Flatlands",128,0,0,0.0585721511231922,0.141880550917821,"Not significant"
"BK60","Prospect Lefferts Gardens-Wingate","36","047","Kings","Brooklyn","3","4011","Brooklyn Community District 9--Crown Heights South, Prospect Lefferts & Wingate","Brooklyn Community District 9--Crown Heights South, Prospect Lefferts & Wingate",59,0,0,0.0747156744970821,0.786612091613927,"Not significant"
"BK61","Crown Heights North","36","047","Kings","Brooklyn","3","4006","Brooklyn Community District 8--Crown Heights North & Prospect Heights","Brooklyn Community District 8--Crown Heights North & Prospect Heights",73,0,0,0.461184343576024,0.023032781228437,"Significant"
"BK63","Crown Heights South","36","047","Kings","Brooklyn","3","4011","Brooklyn Community District 9--Crown Heights South, Prospect Lefferts & Wingate","Brooklyn Community District 9--Crown Heights South, Prospect Lefferts & Wingate",59,0,0,-0.127596487045556,0.690172703646263,"Not significant"
"BK64","Prospect Heights","36","047","Kings","Brooklyn","3","4006","Brooklyn Community District 8--Crown Heights North & Prospect Heights","Brooklyn Community District 8--Crown Heights North & Prospect Heights",73,0,0,-0.152377758030904,0.524163688287614,"Not significant"
"BK68","Fort Greene","36","047","Kings","Brooklyn","3","4004","Brooklyn Community District 2--Brooklyn Heights & Fort Greene","Brooklyn Community District 2--Brooklyn Heights & Fort Greene",99,0,0,-0.163090459740658,0.308381371248933,"Not significant"
"BK69","Clinton Hill","36","047","Kings","Brooklyn","3","4004","Brooklyn Community District 2--Brooklyn Heights & Fort Greene","Brooklyn Community District 2--Brooklyn Heights & Fort Greene",99,0,0,-0.0908947223217546,0.534262716073605,"Not significant"
"BK72","Williamsburg","36","047","Kings","Brooklyn","3","4001","Brooklyn Community District 1--Greenpoint & Williamsburg","Brooklyn Community District 1--Greenpoint & Williamsburg",158,0,0,0.0876564477530856,0.199372083082823,"Not significant"
"BK73","North Side-South Side","36","047","Kings","Brooklyn","3","4001","Brooklyn Community District 1--Greenpoint & Williamsburg","Brooklyn Community District 1--Greenpoint & Williamsburg",158,0,0,0.164699134812394,0.0315837876697512,"Significant"
"BK75","Bedford","36","047","Kings","Brooklyn","3","4003","Brooklyn Community District 3--Bedford-Stuyvesant","Brooklyn Community District 3--Bedford-Stuyvesant",35,0,0,0.26836432267217,0.460516076829105,"Not significant"
"BK76","Greenpoint","36","047","Kings","Brooklyn","3","4001","Brooklyn Community District 1--Greenpoint & Williamsburg","Brooklyn Community District 1--Greenpoint & Williamsburg",158,0,0,0.0237673901917083,0.826519304806113,"Not significant"
"BK77","Bushwick North","36","047","Kings","Brooklyn","3","4002","Brooklyn Community District 4--Bushwick","Brooklyn Community District 4--Bushwick",117,0,0,-0.329987322991712,0.000246806847186676,"Significant"
"BK78","Bushwick South","36","047","Kings","Brooklyn","3","4002","Brooklyn Community District 4--Bushwick","Brooklyn Community District 4--Bushwick",117,0,0,-0.0138602203323777,0.856794360057515,"Not significant"
"BK79","Ocean Hill","36","047","Kings","Brooklyn","3","4007","Brooklyn Community District 16--Brownsville & Ocean Hill","Brooklyn Community District 16--Brownsville & Ocean Hill",38,0,0,0.58599790022415,0.0750734767659737,"Not significant"
"BK81","Brownsville","36","047","Kings","Brooklyn","3","4007","Brooklyn Community District 16--Brownsville & Ocean Hill","Brooklyn Community District 16--Brownsville & Ocean Hill",38,0,0,0.704737965617946,0.0722529730712074,"Not significant"
"BK82","East New York","36","047","Kings","Brooklyn","3","4008","Brooklyn Community District 5--East New York & Starrett City","Brooklyn Community District 5--East New York & Starrett City",76,0,0,0.337677094102899,0.0812703399132301,"Not significant"
"BK83","Cypress Hills-City Line","36","047","Kings","Brooklyn","3","4008","Brooklyn Community District 5--East New York & Starrett City","Brooklyn Community District 5--East New York & Starrett City",76,0,0,-0.308296121365063,0.0937579928976989,"Not significant"
"BK85","East New York (Pennsylvania Ave)","36","047","Kings","Brooklyn","3","4007","Brooklyn Community District 16--Brownsville & Ocean Hill","Brooklyn Community District 16--Brownsville & Ocean Hill",38,0,0,0.645810992866547,0.141504962073616,"Not significant"
"BK88","Borough Park","36","047","Kings","Brooklyn","3","4014","Brooklyn Community District 12--Borough Park, Kensington & Ocean Parkway","Brooklyn Community District 12--Borough Park, Kensington & Ocean Parkway",116,0,0,-0.0512485466674065,0.488115968126715,"Not significant"
"BK90","East Williamsburg","36","047","Kings","Brooklyn","3","4001","Brooklyn Community District 1--Greenpoint & Williamsburg","Brooklyn Community District 1--Greenpoint & Williamsburg",158,0,0,0.00514426679540339,0.921787807234633,"Not significant"
"BK91","East Flatbush-Farragut","36","047","Kings","Brooklyn","3","4010","Brooklyn Community District 17--East Flatbush, Farragut & Rugby","Brooklyn Community District 17--East Flatbush, Farragut & Rugby",22,0,0,-0.0496825898054024,0.915129711307119,"Not significant"
"BK93","Starrett City","36","047","Kings","Brooklyn","3","4008","Brooklyn Community District 5--East New York & Starrett City","Brooklyn Community District 5--East New York & Starrett City",76,0,0,0.186607079756242,0.634110759160276,"Not significant"
"BK95","Erasmus","36","047","Kings","Brooklyn","3","4010","Brooklyn Community District 17--East Flatbush, Farragut & Rugby","Brooklyn Community District 17--East Flatbush, Farragut & Rugby",22,0,0,0.818555727640697,0.163523260850279,"Not significant"
"BK96","Rugby-Remsen Village","36","047","Kings","Brooklyn","3","4010","Brooklyn Community District 17--East Flatbush, Farragut & Rugby","Brooklyn Community District 17--East Flatbush, Farragut & Rugby",22,0,0,0.604484920456267,0.0878818490274172,"Not significant"
"BK99","park-cemetery-etc-Brooklyn","36","047","Kings","Brooklyn","3",NA,NA,NA,578,73985,1139020,-0.673245067143006,0.363031691139028,"Not significant"
"QN01","South Jamaica","36","081","Queens","Queens","4","4112","Queens Community District 12--Jamaica, Hollis & St. Albans","Queens Community District 12--Jamaica, Hollis & St. Albans",131,0,0,0.0075309990365914,0.83308331958122,"Not significant"
"QN02","Springfield Gardens North","36","081","Queens","Queens","4","4112","Queens Community District 12--Jamaica, Hollis & St. Albans","Queens Community District 12--Jamaica, Hollis & St. Albans",131,0,0,0.00267106656477667,0.946405633050764,"Not significant"
"QN03","Springfield Gardens South-Brookville","36","081","Queens","Queens","4","4105","Queens Community District 13--Queens Village, Cambria Heights & Rosedale","Queens Community District 13--Queens Village, Cambria Heights & Rosedale",142,0,0,0.00936810855192316,0.11875912356503,"Not significant"
"QN05","Rosedale","36","081","Queens","Queens","4","4105","Queens Community District 13--Queens Village, Cambria Heights & Rosedale","Queens Community District 13--Queens Village, Cambria Heights & Rosedale",142,0,0,0.0143299601373852,0.052621593194959,"Not significant"
"QN06","Jamaica Estates-Holliswood","36","081","Queens","Queens","4","4106","Queens Community District 8--Briarwood, Fresh Meadows & Hillcrest","Queens Community District 8--Briarwood, Fresh Meadows & Hillcrest",89,0,0,-0.0984897758737514,0.530318302450645,"Not significant"
"QN07","Hollis","36","081","Queens","Queens","4","4112","Queens Community District 12--Jamaica, Hollis & St. Albans","Queens Community District 12--Jamaica, Hollis & St. Albans",131,0,0,0.0120035455867397,0.764820441230773,"Not significant"
"QN08","St. Albans","36","081","Queens","Queens","4","4112","Queens Community District 12--Jamaica, Hollis & St. Albans","Queens Community District 12--Jamaica, Hollis & St. Albans",131,0,0,-0.0310197696528762,0.241748730396241,"Not significant"
"QN10","Breezy Point-Belle Harbor-Rockaway Park-Broad Channel","36","081","Queens","Queens","4","4114","Queens Community District 14--Far Rockaway, Breezy Point & Broad Channel","Queens Community District 14--Far Rockaway, Breezy Point & Broad Channel",110,0,0,-0.467732287820917,0.01218535672862,"Significant"
"QN12","Hammels-Arverne-Edgemere","36","081","Queens","Queens","4","4114","Queens Community District 14--Far Rockaway, Breezy Point & Broad Channel","Queens Community District 14--Far Rockaway, Breezy Point & Broad Channel",110,0,0,0.069554027242609,0.707681517364915,"Not significant"
"QN15","Far Rockaway-Bayswater","36","081","Queens","Queens","4","4114","Queens Community District 14--Far Rockaway, Breezy Point & Broad Channel","Queens Community District 14--Far Rockaway, Breezy Point & Broad Channel",110,0,0,0.069554027242609,0.791427615825455,"Not significant"
"QN17","Forest Hills","36","081","Queens","Queens","4","4108","Queens Community District 6--Forest Hills & Rego Park","Queens Community District 6--Forest Hills & Rego Park",161,0,0,0.140805283111779,0.0779858937905053,"Not significant"
"QN18","Rego Park","36","081","Queens","Queens","4","4108","Queens Community District 6--Forest Hills & Rego Park","Queens Community District 6--Forest Hills & Rego Park",161,0,0,0.0237130488793974,0.765272836657207,"Not significant"
"QN19","Glendale","36","081","Queens","Queens","4","4110","Queens Community District 5--Ridgewood, Glendale & Middle Village","Queens Community District 5--Ridgewood, Glendale & Middle Village",205,0,0,0.596941127709427,0.0165450689729939,"Significant"
"QN20","Ridgewood","36","081","Queens","Queens","4","4110","Queens Community District 5--Ridgewood, Glendale & Middle Village","Queens Community District 5--Ridgewood, Glendale & Middle Village",205,0,0,0.511926127007541,0.0239136636293155,"Significant"
"QN21","Middle Village","36","081","Queens","Queens","4","4110","Queens Community District 5--Ridgewood, Glendale & Middle Village","Queens Community District 5--Ridgewood, Glendale & Middle Village",205,0,0,0.174154989603509,0.481522656611801,"Not significant"
"QN22","Flushing","36","081","Queens","Queens","4","4103","Queens Community District 7--Flushing, Murray Hill & Whitestone","Queens Community District 7--Flushing, Murray Hill & Whitestone",158,0,0,0.117721886605499,0.058443056521325,"Not significant"
"QN23","College Point","36","081","Queens","Queens","4","4103","Queens Community District 7--Flushing, Murray Hill & Whitestone","Queens Community District 7--Flushing, Murray Hill & Whitestone",158,0,0,0.0237673901917083,0.826519304806113,"Not significant"
"QN25","Corona","36","081","Queens","Queens","4","4107","Queens Community District 4--Elmhurst & South Corona","Queens Community District 4--Elmhurst & South Corona",103,0,0,-0.240572308564264,0.0955798227310419,"Not significant"
"QN26","North Corona","36","081","Queens","Queens","4","4102","Queens Community District 3--Jackson Heights & North Corona","Queens Community District 3--Jackson Heights & North Corona",124,0,0,-0.0816379635261017,0.195116814669293,"Not significant"
"QN27","East Elmhurst","36","081","Queens","Queens","4","4102","Queens Community District 3--Jackson Heights & North Corona","Queens Community District 3--Jackson Heights & North Corona",124,0,0,-0.260207947045261,0.000226907038164178,"Significant"
"QN28","Jackson Heights","36","081","Queens","Queens","4","4102","Queens Community District 3--Jackson Heights & North Corona","Queens Community District 3--Jackson Heights & North Corona",124,0,0,-0.145360032333769,0.00325001076675891,"Significant"
"QN29","Elmhurst","36","081","Queens","Queens","4","4107","Queens Community District 4--Elmhurst & South Corona","Queens Community District 4--Elmhurst & South Corona",103,0,0,-0.043996825980067,0.719662916810879,"Not significant"
"QN30","Maspeth","36","081","Queens","Queens","4","4110","Queens Community District 5--Ridgewood, Glendale & Middle Village","Queens Community District 5--Ridgewood, Glendale & Middle Village",205,0,0,0.423874876280588,0.0427015046411081,"Significant"
"QN31","Hunters Point-Sunnyside-West Maspeth","36","081","Queens","Queens","4","4109","Queens Community District 2--Sunnyside & Woodside","Queens Community District 2--Sunnyside & Woodside",169,0,0,0.299649836711144,0.00682117259706113,"Significant"
"QN33","Cambria Heights","36","081","Queens","Queens","4","4105","Queens Community District 13--Queens Village, Cambria Heights & Rosedale","Queens Community District 13--Queens Village, Cambria Heights & Rosedale",142,0,0,0.0112234095795307,0.0888380358718629,"Not significant"
"QN34","Queens Village","36","081","Queens","Queens","4","4105","Queens Community District 13--Queens Village, Cambria Heights & Rosedale","Queens Community District 13--Queens Village, Cambria Heights & Rosedale",142,0,0,0.00567599786907626,0.305967009443826,"Not significant"
"QN35","Briarwood-Jamaica Hills","36","081","Queens","Queens","4","4106","Queens Community District 8--Briarwood, Fresh Meadows & Hillcrest","Queens Community District 8--Briarwood, Fresh Meadows & Hillcrest",89,0,0,-0.111055871167748,0.508676445296184,"Not significant"
"QN37","Kew Gardens Hills","36","081","Queens","Queens","4","4106","Queens Community District 8--Briarwood, Fresh Meadows & Hillcrest","Queens Community District 8--Briarwood, Fresh Meadows & Hillcrest",89,0,0,-0.342938513609446,0.123517530313104,"Not significant"
"QN38","Pomonok-Flushing Heights-Hillcrest","36","081","Queens","Queens","4","4106","Queens Community District 8--Briarwood, Fresh Meadows & Hillcrest","Queens Community District 8--Briarwood, Fresh Meadows & Hillcrest",89,0,0,0.163130311232376,0.362576630417402,"Not significant"
"QN41","Fresh Meadows-Utopia","36","081","Queens","Queens","4","4106","Queens Community District 8--Briarwood, Fresh Meadows & Hillcrest","Queens Community District 8--Briarwood, Fresh Meadows & Hillcrest",89,0,0,-0.14530600198748,0.423591700139138,"Not significant"
"QN42","Oakland Gardens","36","081","Queens","Queens","4","4104","Queens Community District 11--Bayside, Douglaston & Little Neck","Queens Community District 11--Bayside, Douglaston & Little Neck",76,0,0,-0.317284516483896,0.203347080140909,"Not significant"
"QN43","Bellerose","36","081","Queens","Queens","4","4105","Queens Community District 13--Queens Village, Cambria Heights & Rosedale","Queens Community District 13--Queens Village, Cambria Heights & Rosedale",142,0,0,0.00809097110036076,0.219933671445055,"Not significant"
"QN44","Glen Oaks-Floral Park-New Hyde Park","36","081","Queens","Queens","4","4105","Queens Community District 13--Queens Village, Cambria Heights & Rosedale","Queens Community District 13--Queens Village, Cambria Heights & Rosedale",142,0,0,-0.0040504639965872,0.700099260562935,"Not significant"
"QN45","Douglas Manor-Douglaston-Little Neck","36","081","Queens","Queens","4","4104","Queens Community District 11--Bayside, Douglaston & Little Neck","Queens Community District 11--Bayside, Douglaston & Little Neck",76,0,0,-0.716564188810866,0.0264217034225262,"Significant"
"QN46","Bayside-Bayside Hills","36","081","Queens","Queens","4","4104","Queens Community District 11--Bayside, Douglaston & Little Neck","Queens Community District 11--Bayside, Douglaston & Little Neck",76,0,0,-0.238175810046453,0.295079337277445,"Not significant"
"QN47","Ft. Totten-Bay Terrace-Clearview","36","081","Queens","Queens","4","4103","Queens Community District 7--Flushing, Murray Hill & Whitestone","Queens Community District 7--Flushing, Murray Hill & Whitestone",158,0,0,-0.0129196036460575,0.885371895732753,"Not significant"
"QN48","Auburndale","36","081","Queens","Queens","4","4104","Queens Community District 11--Bayside, Douglaston & Little Neck","Queens Community District 11--Bayside, Douglaston & Little Neck",76,0,0,-0.225528627585789,0.283122125755733,"Not significant"
"QN49","Whitestone","36","081","Queens","Queens","4","4103","Queens Community District 7--Flushing, Murray Hill & Whitestone","Queens Community District 7--Flushing, Murray Hill & Whitestone",158,0,0,0.0237673901917083,0.755361878668036,"Not significant"
"QN50","Elmhurst-Maspeth","36","081","Queens","Queens","4","4109","Queens Community District 2--Sunnyside & Woodside","Queens Community District 2--Sunnyside & Woodside",169,0,0,0.207823280784581,0.0604816865879943,"Not significant"
"QN51","Murray Hill","36","081","Queens","Queens","4","4103","Queens Community District 7--Flushing, Murray Hill & Whitestone","Queens Community District 7--Flushing, Murray Hill & Whitestone",158,0,0,-0.0129196036460575,0.837183636837514,"Not significant"
"QN52","East Flushing","36","081","Queens","Queens","4","4103","Queens Community District 7--Flushing, Murray Hill & Whitestone","Queens Community District 7--Flushing, Murray Hill & Whitestone",158,0,0,0.114500589585597,0.0937757549187746,"Not significant"
"QN53","Woodhaven","36","081","Queens","Queens","4","4111","Queens Community District 9--Richmond Hill & Woodhaven","Queens Community District 9--Richmond Hill & Woodhaven",103,0,0,-0.444093350516678,0.00207108334013082,"Significant"
"QN54","Richmond Hill","36","081","Queens","Queens","4","4111","Queens Community District 9--Richmond Hill & Woodhaven","Queens Community District 9--Richmond Hill & Woodhaven",103,0,0,-0.111887649746435,0.324231465053136,"Not significant"
"QN55","South Ozone Park","36","081","Queens","Queens","4","4113","Queens Community District 10--Howard Beach & Ozone Park","Queens Community District 10--Howard Beach & Ozone Park",152,0,0,0.0441115647533936,0.213055522060375,"Not significant"
"QN56","Ozone Park","36","081","Queens","Queens","4","4113","Queens Community District 10--Howard Beach & Ozone Park","Queens Community District 10--Howard Beach & Ozone Park",152,0,0,-0.0204925591751296,0.651307096153269,"Not significant"
"QN57","Lindenwood-Howard Beach","36","081","Queens","Queens","4","4113","Queens Community District 10--Howard Beach & Ozone Park","Queens Community District 10--Howard Beach & Ozone Park",152,0,0,0.0590202087368989,0.191471440881035,"Not significant"
"QN60","Kew Gardens","36","081","Queens","Queens","4","4111","Queens Community District 9--Richmond Hill & Woodhaven","Queens Community District 9--Richmond Hill & Woodhaven",103,0,0,-0.2038254537673,0.15809290530079,"Not significant"
"QN61","Jamaica","36","081","Queens","Queens","4","4112","Queens Community District 12--Jamaica, Hollis & St. Albans","Queens Community District 12--Jamaica, Hollis & St. Albans",131,0,0,0.017021954117418,0.544605191129343,"Not significant"
"QN62","Queensboro Hill","36","081","Queens","Queens","4","4103","Queens Community District 7--Flushing, Murray Hill & Whitestone","Queens Community District 7--Flushing, Murray Hill & Whitestone",158,0,0,0.0488858371921297,0.394043385676958,"Not significant"
"QN63","Woodside","36","081","Queens","Queens","4","4109","Queens Community District 2--Sunnyside & Woodside","Queens Community District 2--Sunnyside & Woodside",169,0,0,0.242639036586121,0.0284322901770992,"Significant"
"QN66","Laurelton","36","081","Queens","Queens","4","4105","Queens Community District 13--Queens Village, Cambria Heights & Rosedale","Queens Community District 13--Queens Village, Cambria Heights & Rosedale",142,0,0,0.00915237587429437,0.127487934859014,"Not significant"
"QN68","Queensbridge-Ravenswood-Long Island City","36","081","Queens","Queens","4","4101","Queens Community District 1--Astoria & Long Island City","Queens Community District 1--Astoria & Long Island City",219,0,0,0.370129508138704,0.344504356644949,"Not significant"
"QN70","Astoria","36","081","Queens","Queens","4","4101","Queens Community District 1--Astoria & Long Island City","Queens Community District 1--Astoria & Long Island City",219,0,0,0.72708818198631,0.00832550579684431,"Significant"
"QN71","Old Astoria","36","081","Queens","Queens","4","4101","Queens Community District 1--Astoria & Long Island City","Queens Community District 1--Astoria & Long Island City",219,0,0,1.00499890438298,0.00308223186214978,"Significant"
"QN72","Steinway","36","081","Queens","Queens","4","4101","Queens Community District 1--Astoria & Long Island City","Queens Community District 1--Astoria & Long Island City",219,0,0,1.21290993140676,6.27754520051558e-05,"Significant"
"QN76","Baisley Park","36","081","Queens","Queens","4","4112","Queens Community District 12--Jamaica, Hollis & St. Albans","Queens Community District 12--Jamaica, Hollis & St. Albans",131,0,0,0.00203716232932257,0.953992419857709,"Not significant"
"QN98","Airport","36","081","Queens","Queens","4",NA,NA,NA,578,73985,1139020,2.11779980228182,0.0855945447639373,"Not significant"
"QN99","park-cemetery-etc-Queens","36","081","Queens","Queens","4",NA,NA,NA,578,73985,1139020,0.597971427697864,0.209338540653814,"Not significant"
"SI01","Annadale-Huguenot-Prince's Bay-Eltingville","36","085","Richmond","Staten Island","5","3901","Staten Island Community District 3--Tottenville, Great Kills & Annadale","Staten Island Community District 3--Tottenville, Great Kills & Annadale",248,0,0,0.454798947848857,0.224238152197058,"Not significant"
"SI05","New Springville-Bloomfield-Travis","36","085","Richmond","Staten Island","5","3902","Staten Island Community District 2--New Springville & South Beach","Staten Island Community District 2--New Springville & South Beach",92,0,0,-0.18439326480607,0.182076409825248,"Not significant"
"SI07","Westerleigh","36","085","Richmond","Staten Island","5","3903","Staten Island Community District 1--Port Richmond, Stapleton & Mariner's Harbor","Staten Island Community District 1--Port Richmond, Stapleton & Mariner's Harbor",128,0,0,0.0226339190422209,0.599632521708691,"Not significant"
"SI08","Grymes Hill-Clifton-Fox Hills","36","085","Richmond","Staten Island","5","3903","Staten Island Community District 1--Port Richmond, Stapleton & Mariner's Harbor","Staten Island Community District 1--Port Richmond, Stapleton & Mariner's Harbor",128,0,0,0.0248700757050369,0.599571052635377,"Not significant"
"SI11","Charleston-Richmond Valley-Tottenville","36","085","Richmond","Staten Island","5","3901","Staten Island Community District 3--Tottenville, Great Kills & Annadale","Staten Island Community District 3--Tottenville, Great Kills & Annadale",248,0,0,0.454798947848857,0.393883227876041,"Not significant"
"SI12","Mariner's Harbor-Arlington-Port Ivory-Graniteville","36","085","Richmond","Staten Island","5","3903","Staten Island Community District 1--Port Richmond, Stapleton & Mariner's Harbor","Staten Island Community District 1--Port Richmond, Stapleton & Mariner's Harbor",128,0,0,0.0282243106992608,0.708573147037701,"Not significant"
"SI14","Grasmere-Arrochar-Ft. Wadsworth","36","085","Richmond","Staten Island","5","3902","Staten Island Community District 2--New Springville & South Beach","Staten Island Community District 2--New Springville & South Beach",92,0,0,0.110883743785957,0.592756337366603,"Not significant"
"SI22","West New Brighton-New Brighton-St. George","36","085","Richmond","Staten Island","5","3903","Staten Island Community District 1--Port Richmond, Stapleton & Mariner's Harbor","Staten Island Community District 1--Port Richmond, Stapleton & Mariner's Harbor",128,0,0,0.0114531357281409,0.828766798793851,"Not significant"
"SI24","Todt Hill-Emerson Hill-Heartland Village-Lighthouse Hill","36","085","Richmond","Staten Island","5","3902","Staten Island Community District 2--New Springville & South Beach","Staten Island Community District 2--New Springville & South Beach",92,0,0,-0.0428555251503876,0.760332863219275,"Not significant"
"SI25","Oakwood-Oakwood Beach","36","085","Richmond","Staten Island","5","3901","Staten Island Community District 3--Tottenville, Great Kills & Annadale","Staten Island Community District 3--Tottenville, Great Kills & Annadale",248,0,0,0.916066314867617,0.0478924557462166,"Significant"
"SI28","Port Richmond","36","085","Richmond","Staten Island","5","3903","Staten Island Community District 1--Port Richmond, Stapleton & Mariner's Harbor","Staten Island Community District 1--Port Richmond, Stapleton & Mariner's Harbor",128,0,0,0.0198387232137009,0.708533319906044,"Not significant"
"SI32","Rossville-Woodrow","36","085","Richmond","Staten Island","5","3901","Staten Island Community District 3--Tottenville, Great Kills & Annadale","Staten Island Community District 3--Tottenville, Great Kills & Annadale",248,0,0,0.560931262384147,0.224307425499178,"Not significant"
"SI35","New Brighton-Silver Lake","36","085","Richmond","Staten Island","5","3903","Staten Island Community District 1--Port Richmond, Stapleton & Mariner's Harbor","Staten Island Community District 1--Port Richmond, Stapleton & Mariner's Harbor",128,0,0,0.0114531357281409,0.828766798793851,"Not significant"
"SI36","Old Town-Dongan Hills-South Beach","36","085","Richmond","Staten Island","5","3902","Staten Island Community District 2--New Springville & South Beach","Staten Island Community District 2--New Springville & South Beach",92,0,0,0.176772001901533,0.462796614108398,"Not significant"
"SI37","Stapleton-Rosebank","36","085","Richmond","Staten Island","5","3903","Staten Island Community District 1--Port Richmond, Stapleton & Mariner's Harbor","Staten Island Community District 1--Port Richmond, Stapleton & Mariner's Harbor",128,0,0,0.0198387232137009,0.708533319906044,"Not significant"
"SI45","New Dorp-Midland Beach","36","085","Richmond","Staten Island","5","3902","Staten Island Community District 2--New Springville & South Beach","Staten Island Community District 2--New Springville & South Beach",92,0,0,-0.0135718548767982,0.958275066344142,"Not significant"
"SI48","Arden Heights","36","085","Richmond","Staten Island","5","3901","Staten Island Community District 3--Tottenville, Great Kills & Annadale","Staten Island Community District 3--Tottenville, Great Kills & Annadale",248,0,0,0.454798947848857,0.393883227876041,"Not significant"
"SI54","Great Kills","36","085","Richmond","Staten Island","5","3901","Staten Island Community District 3--Tottenville, Great Kills & Annadale","Staten Island Community District 3--Tottenville, Great Kills & Annadale",248,0,0,0.908718693092097,0.0278087210920791,"Significant"
"SI99","park-cemetery-etc-Staten Island","36","085","Richmond","Staten Island","5",NA,NA,NA,578,73985,1139020,3.57345619034737,0.159228847293129,"Not significant"
